store_name,store_product_id,product_name,brand_name,available,expected_restock,barcode,unit_price,unit_type,unit_step,is_discounted,original_unit_price,secondary_unit_price,secondary_unit_type,secondary_unit_step,image_urls,description,categories
Spar,66c5880276953f4db0813bf8,Lay's tejfölös-zöldfűszeres ízű burgonyachips 130 g,,True,,5900259128409,959.0,g,130.0,False,,,,,https://imageproxy.wolt.com/assets/6676699b88898805c808dd1c,,chips-extrudalt-termekek-114
Spar,66c5880276953f4db0813ca4,Chio hagymás-tejfölös burgonyachips 130 g,,True,,5996253001978,899.0,g,130.0,False,,,,,https://imageproxy.wolt.com/assets/6862629eca37b8c5780462dc,,chips-extrudalt-termekek-114
Spar,66c5880276953f4db0813d26,Chio Intense tejfölös-zöldfűszeres ízű burgonyachips 55 g,,True,,5996253001831,549.0,g,55.0,False,,,,,https://imageproxy.wolt.com/assets/6864f7880cfff62adec398e7,,chips-extrudalt-termekek-114
Spar,66c5880276953f4db0813988,Chio hagymás-tejfölös ízű lencse chips 65 g,,True,,3856021305290,799.0,g,65.0,False,,,,,https://imageproxy.wolt.com/assets/68629ae379b6a26d55240a90,,chips-extrudalt-termekek-114
Spar,66c5880276953f4db0813802,Chio hagymás-tejfölös burgonyachips 60 g,,True,,5996253001008,549.0,g,60.0,False,,,,,https://imageproxy.wolt.com/assets/6864f7830cfff62adec398dc,,chips-extrudalt-termekek-114
Spar,66c5880276953f4db0813714,Lay's tejfölös-zöldfűszeres ízű burgonyachips 60 g,,True,,5900259113917,579.0,g,60.0,False,,,,,https://imageproxy.wolt.com/assets/6675eead1b708918eb6e343b,,chips-extrudalt-termekek-114
Spar,66c5880276953f4db0813348,RiceUp! Eat Smart teljes kiőrlésű barna rizs chips hagymás-tejfölös ízesítéssel 60 g,,True,,3800233070118,479.0,g,60.0,False,,,,,https://imageproxy.wolt.com/assets/6675e2aad88b3e741b7382e8;https://imageproxy.wolt.com/assets/6675e2abd88b3e741b7382eb,,chips-extrudalt-termekek-114
Spar,66c5880276953f4db0813bf6,Lay's kemencében sütött joghurtos-zöldfűszeres ízesítésű burgonyachips 110 g,,True,,5900259128843,959.0,g,110.0,False,,,,,https://imageproxy.wolt.com/assets/6676699d88898805c808dd1d,,chips-extrudalt-termekek-114
Spar,66c5880276953f4db08137ed,Chio sajtos burgonyachips 60 g,,True,,5996253001039,549.0,g,60.0,False,,,,,https://imageproxy.wolt.com/assets/68629b1379b6a26d55240b27,,chips-extrudalt-termekek-114
Spar,66c5880276953f4db0813812,Chio újhagymás burgonyachips 60 g,,True,,5996253001046,549.0,g,60.0,False,,,,,https://imageproxy.wolt.com/assets/6862629fca37b8c5780462de,,chips-extrudalt-termekek-114
Spar,66c5880276953f4db08137f7,Chio paprikás burgonyachips 60 g,,True,,5996253001022,549.0,g,60.0,False,,,,,https://imageproxy.wolt.com/assets/68629b1279b6a26d55240b23,,chips-extrudalt-termekek-114
Spar,66c5880276953f4db08137e5,Chio Intense csípős fűszeres csirkehús ízű burgonyachips 55 g,,True,,5996253001152,549.0,g,55.0,False,,,,,https://imageproxy.wolt.com/assets/6864f7860cfff62adec398e1,,chips-extrudalt-termekek-114
Spar,66c5880276953f4db0813801,Chio Intense csípős paradicsom ízű burgonyachips 55 g,,True,,5996253001145,579.0,g,55.0,False,,,,,https://imageproxy.wolt.com/assets/686505a50cfff62adec399b4,,chips-extrudalt-termekek-114
Spar,66c5880276953f4db08137e8,Chio szalonnás ízesítésű burgonyachips 60 g,,True,,5996253001053,579.0,g,60.0,False,,,,,https://imageproxy.wolt.com/assets/6865059e0cfff62adec399ae,,chips-extrudalt-termekek-114
Spar,66c5880276953f4db081380b,Chio sós burgonyachips 60 g,,True,,5996253001015,549.0,g,60.0,False,,,,,https://imageproxy.wolt.com/assets/6865059e0cfff62adec399ac,,chips-extrudalt-termekek-114
Spar,66c5880276953f4db0813ca3,Chio sós burgonyachips 130 g,,True,,5996253001985,899.0,g,130.0,False,,,,,https://imageproxy.wolt.com/assets/6864f7880cfff62adec398e6,,chips-extrudalt-termekek-114
Spar,66c5880276953f4db0813cb9,Chio sajtos burgonyachips 130 g,,True,,5996253001954,899.0,g,130.0,False,,,,,https://imageproxy.wolt.com/assets/686bc3c26155cf1e51166330,,chips-extrudalt-termekek-114
Spar,66c5880276953f4db0813cab,Chio paprikás burgonyachips 130 g,,True,,5996253001930,899.0,g,130.0,False,,,,,https://imageproxy.wolt.com/assets/6862629fca37b8c5780462df,,chips-extrudalt-termekek-114
Spar,66c5880276953f4db0813738,Lay's BBQ borda jellegű ízesítéssel burgonyachips 60 g,,True,,5900259113856,579.0,g,60.0,False,,,,,https://imageproxy.wolt.com/assets/6675eeae88898805c8089ca4,,chips-extrudalt-termekek-114
Spar,66c5880276953f4db081371d,Lay's sózott burgonyachips 60 g,,True,,5900259109071,579.0,g,60.0,False,,,,,https://imageproxy.wolt.com/assets/6675eead1b708918eb6e343a,,chips-extrudalt-termekek-114
Spar,66c5880276953f4db081372a,Lay's újhagymás ízű burgonyachips 60 g,,True,,5900259109033,579.0,g,60.0,False,,,,,https://imageproxy.wolt.com/assets/6675eeade98c4a1a5c64288f,,chips-extrudalt-termekek-114
Spar,66c5880276953f4db081372d,Lay's sajtos ízű burgonyachips 60 g,,True,,5900259113948,579.0,g,60.0,False,,,,,https://imageproxy.wolt.com/assets/6675eeade98c4a1a5c64288e,,chips-extrudalt-termekek-114
Spar,66c5880276953f4db0813be2,Lay's Stix ketchupos ízű burgonyachips 60 g,,True,,8606017379126,579.0,g,60.0,False,,,,,https://imageproxy.wolt.com/assets/66766999b669ac6c8eaec71b,,chips-extrudalt-termekek-114
Spar,66c5880276953f4db0813bef,Lay's Max Strong sajt és csípőspaprika ízű burgonyachips 55 g,,True,,8606017378976,579.0,g,55.0,False,,,,,https://imageproxy.wolt.com/assets/66767b4de98c4a1a5c647b06,,chips-extrudalt-termekek-114
Spar,66c5880276953f4db0813c07,Lay's Strong csípőspaprika- és limeízű burgonyachips 55 g,,True,,8606017378945,579.0,g,55.0,False,,,,,https://imageproxy.wolt.com/assets/66767b4ce98c4a1a5c647b05,,chips-extrudalt-termekek-114
Spar,66c5880276953f4db0813c06,Lay's sajtos ízű burgonyachips 130 g,,True,,5900259130693,959.0,g,130.0,False,,,,,https://imageproxy.wolt.com/assets/6676699888898805c808dd17,,chips-extrudalt-termekek-114
Spar,66c5880276953f4db0813bf3,Lay's Strong csípőspaprika- és limeízű burgonyachips 120 g,,True,,5900259127778,959.0,g,120.0,False,,,,,https://imageproxy.wolt.com/assets/66767b4ab669ac6c8eaed1e3,,chips-extrudalt-termekek-114
Spar,66c5880276953f4db0813bf5,"Lay's pikáns, paprikás ízű burgonyachips 130 g",,True,,5900259130709,959.0,g,130.0,False,,,,,https://imageproxy.wolt.com/assets/6676699988898805c808dd18,,chips-extrudalt-termekek-114
Spar,66c5880276953f4db0813beb,Lay's sózott burgonyachips 130 g,,True,,5900259127600,959.0,g,130.0,False,,,,,https://imageproxy.wolt.com/assets/66766999b669ac6c8eaec71c,,chips-extrudalt-termekek-114
Spar,66c5880276953f4db0813c00,Lay's Max sajtos-újhagymás ízű burgonyachips 55 g,,True,,8606017379065,579.0,g,55.0,False,,,,,https://imageproxy.wolt.com/assets/66767b49b669ac6c8eaed1e2,,chips-extrudalt-termekek-114
Spar,66c5880276953f4db0813c08,Lay's Max sózott burgonyachips 55 g,,True,,8606017379034,579.0,g,55.0,False,,,,,https://imageproxy.wolt.com/assets/66767b4be98c4a1a5c647b04,,chips-extrudalt-termekek-114
Spar,66c5880276953f4db0813bff,Lay's burgonyachips BBQ borda jellegű ízesítéssel 130 g,,True,,5900259130686,959.0,g,130.0,False,,,,,https://imageproxy.wolt.com/assets/66766997b669ac6c8eaec719,,chips-extrudalt-termekek-114
Spar,66c5880276953f4db0812a5a,SPAR hullámos felületű paprikás burgonya chips 150 g,,True,,9100000087504,739.0,g,150.0,False,,,,,https://imageproxy.wolt.com/assets/667661651b708918eb6e7897;https://imageproxy.wolt.com/assets/667661671b708918eb6e789a,,chips-extrudalt-termekek-114
Spar,66c5880276953f4db0812a5c,SPAR hullámos felületű sós burgonya chips 150 g,,True,,9100000087450,739.0,g,150.0,False,,,,,https://imageproxy.wolt.com/assets/667661681b708918eb6e789d;https://imageproxy.wolt.com/assets/667661691b708918eb6e789e,,chips-extrudalt-termekek-114
Spar,66c5880276953f4db0812a63,SPAR sós burgonya chips 200 g,,True,,9100000087405,939.0,g,200.0,False,,,,,https://imageproxy.wolt.com/assets/66766819e98c4a1a5c647326;https://imageproxy.wolt.com/assets/6676681ae98c4a1a5c647328,,chips-extrudalt-termekek-114
Spar,66c5880276953f4db08130dd,SPAR paprikás burgonyachips 200 g,,True,,9100000695112,899.0,g,200.0,False,,,,,https://imageproxy.wolt.com/assets/6675e336d8b6b903a55faad4;https://imageproxy.wolt.com/assets/6675e336d88b3e741b7383ca,,chips-extrudalt-termekek-114
Spar,66c5880276953f4db0813c37,Doritos Nacho sajtos ízű kukoricachips 100 g,,True,,5900259094704,899.0,g,100.0,False,,,,,https://imageproxy.wolt.com/assets/68076b1d8c54e096e9cabff0,,chips-extrudalt-termekek-114
Spar,66c5880276953f4db081334e,RiceUp! Eat Smart teljes kiőrlésű barna rizs chips sajtos ízesítéssel 60 g,,True,,3800233070149,479.0,g,60.0,False,,,,,https://imageproxy.wolt.com/assets/66759d68b669ac6c8eae5e26;https://imageproxy.wolt.com/assets/66759d6988898805c8087452,,chips-extrudalt-termekek-114
Spar,66c5880276953f4db081334f,RiceUp! Eat Smart barna rizs chips paprikás ízesítéssel 60 g,,True,,3800233070248,479.0,g,60.0,False,,,,,https://imageproxy.wolt.com/assets/66759d6288898805c8087449;https://imageproxy.wolt.com/assets/66759d63b669ac6c8eae5e22,,chips-extrudalt-termekek-114
Spar,66c5880276953f4db081341a,"SPAR tengeri sóval ízesített cékla, pasztinák és sárgarépa chips 70 g",,True,,8710671152411,999.0,g,70.0,False,,,,,https://imageproxy.wolt.com/assets/66759d3388898805c808740e;https://imageproxy.wolt.com/assets/66759d3488898805c8087410,,chips-extrudalt-termekek-114
Spar,66c5880276953f4db0813648,RiceUp! Eat Smart teljes kiőrlésű barna rizs chips tengeri sóval 60 g,,True,,3800233073393,479.0,g,60.0,False,,,,,https://imageproxy.wolt.com/assets/6675e227d88b3e741b7381ec;https://imageproxy.wolt.com/assets/6675e228d88b3e741b7381ed,,chips-extrudalt-termekek-114
Spar,66c5880276953f4db081343e,SPAR tejfölös-hagymás ízű burgonya-snack 170 g,,True,,8710671202673,999.0,g,170.0,False,,,,,https://imageproxy.wolt.com/assets/667662af1b708918eb6e7a73;https://imageproxy.wolt.com/assets/667662b0e98c4a1a5c646ec3,,chips-extrudalt-termekek-114
Spar,66c5880276953f4db08127e9,Chio Big Pep Smoky bacon ízű búza-burgonyasnack 65 g,,True,,5997312702065,599.0,g,65.0,False,,,,,https://imageproxy.wolt.com/assets/68629b1479b6a26d55240b2d,,chips-extrudalt-termekek-114
Spar,66c5880276953f4db08127ec,Chio Taccos grilles ízű búza-burgonyasnack 65 g,,True,,5997312702058,599.0,g,65.0,False,,,,,https://imageproxy.wolt.com/assets/68629b1479b6a26d55240b2c,,chips-extrudalt-termekek-114
Spar,66c5880276953f4db0812dad,Chio Snack hagymás-sajtos ízű burgonyaszirom 40 g,,True,,5997312706162,439.0,g,40.0,False,,,,,https://imageproxy.wolt.com/assets/68629b1479b6a26d55240b29,,chips-extrudalt-termekek-114
Spar,66c5880276953f4db0812dd6,Chio Snacks sózott burgonyaszirom 40 g,,True,,5997312706025,439.0,g,40.0,False,,,,,https://imageproxy.wolt.com/assets/68629b1479b6a26d55240b2b,,chips-extrudalt-termekek-114
Spar,66c5880276953f4db0813bd5,Lay's kemencében sütött sózott burgonyasnack 55 g,,True,,8606017378907,579.0,g,55.0,False,,,,,https://imageproxy.wolt.com/assets/6676699ab669ac6c8eaec71d,,chips-extrudalt-termekek-114
Spar,66c5880276953f4db0813bf2,Lay's kemencében sütött sózott burgonyasnack 110 g,,True,,5900259128652,959.0,g,110.0,False,,,,,https://imageproxy.wolt.com/assets/6676699b88898805c808dd1b,,chips-extrudalt-termekek-114
Spar,66c5880276953f4db0813bee,Lay's kemencében sütött grillezett zöldség ízű burgonyasnack 110 g,,True,,5900259127679,959.0,g,110.0,False,,,,,https://imageproxy.wolt.com/assets/66766998b669ac6c8eaec71a,,chips-extrudalt-termekek-114
Spar,66c5880276953f4db0812a9b,Pom-Bär tejszínes-hagymás ízű burgonyasnack 50 g,,True,,4000522064890,499.0,g,50.0,False,,,,,https://imageproxy.wolt.com/assets/67f671eb6c2ad1f833534b0b,,chips-extrudalt-termekek-114
Spar,66c5880276953f4db0812891,Pom-Bär Original burgonyasnack 50 g,,True,,4000522063718,499.0,g,50.0,False,,,,,https://imageproxy.wolt.com/assets/67f671ec6c2ad1f833534b0e,,chips-extrudalt-termekek-114
Spar,66c5880276953f4db081296d,Pom-Bär sajtos burgonyasnack 50 g,,True,,4000522009020,499.0,g,50.0,False,,,,,https://imageproxy.wolt.com/assets/67f671ec6c2ad1f833534b0f,,chips-extrudalt-termekek-114
Spar,66c5880276953f4db0812c7a,Pom-Bär ketchup ízű burgonyasnack 50 g,,True,,5997312763943,499.0,g,50.0,False,,,,,https://imageproxy.wolt.com/assets/67f671ec6c2ad1f833534b0d,,chips-extrudalt-termekek-114
Spar,66c5880276953f4db08132fd,Pom-Bär Original sajtos burgonyasnack 100 g,,True,,5996253000070,869.0,g,100.0,False,,,,,https://imageproxy.wolt.com/assets/67f671e16c2ad1f833534af4,,chips-extrudalt-termekek-114
Spar,66c5880276953f4db0813309,Pom-Bär Original burgonyasnack 100 g,,True,,5996253000063,869.0,g,100.0,False,,,,,https://imageproxy.wolt.com/assets/67f671e16c2ad1f833534af6,,chips-extrudalt-termekek-114
Spar,66c5880276953f4db081342f,SPAR sós burgonyasnack 170 g,,True,,8710671152527,999.0,g,170.0,False,,,,,https://imageproxy.wolt.com/assets/6675dd5d88898805c808936b;https://imageproxy.wolt.com/assets/6675dd5eb669ac6c8eae7d50,,chips-extrudalt-termekek-114
Spar,66c5880276953f4db08134f8,SPAR csípős fűszeres ízesítésű burgonyasnack 170 g,,True,,8710671153067,999.0,g,170.0,False,,,,,https://imageproxy.wolt.com/assets/6675e19ab669ac6c8eae81d6;https://imageproxy.wolt.com/assets/6675e19b88898805c80897f8,,chips-extrudalt-termekek-114
Spar,66c5880276953f4db0812bfc,SPAR sózott sültburgonya rudacskák 125 g,,True,,9100000087238,629.0,g,125.0,False,,,,,https://imageproxy.wolt.com/assets/66766165e98c4a1a5c646ce7;https://imageproxy.wolt.com/assets/66766167e98c4a1a5c646cea,,chips-extrudalt-termekek-114
Spar,66c5880276953f4db081344d,SPAR paprika ízű burgonya-snack 170 g,,True,,8710671202697,999.0,g,170.0,False,,,,,https://imageproxy.wolt.com/assets/6676613b1b708918eb6e7852;https://imageproxy.wolt.com/assets/6676613ce98c4a1a5c646ca4,,chips-extrudalt-termekek-114
Spar,66c5880276953f4db0813621,Lorenz Pomsticks sós burgonya pálcikák 85 g,,True,,4018077821424,699.0,g,85.0,False,,,,,https://imageproxy.wolt.com/assets/66764d62d88b3e741b73c6e6;https://imageproxy.wolt.com/assets/66764d64d8b6b903a55fed80,,chips-extrudalt-termekek-114
Spar,66c5880276953f4db081363a,Lorenz Pomsticks burgonya pálcikák paprikás ízesítéssel 85 g,,True,,4018077821790,699.0,g,85.0,False,,,,,https://imageproxy.wolt.com/assets/6675fe14e98c4a1a5c6430d8;https://imageproxy.wolt.com/assets/6675fe151b708918eb6e3c7d,,chips-extrudalt-termekek-114
Spar,66c5880276953f4db0812e81,Chio Master Crok hagymás-tejfölös kukoricasnack 40 g,,True,,5997312792486,399.0,g,40.0,False,,,,,https://imageproxy.wolt.com/assets/67f671da6c2ad1f833534ae1,,chips-extrudalt-termekek-114
Spar,66c5880276953f4db081287c,Chio Master Crok pizza ízű kukoricasnack 40 g,,True,,5997312702263,399.0,g,40.0,False,,,,,https://imageproxy.wolt.com/assets/67f671d66c2ad1f833534ad7,,chips-extrudalt-termekek-114
Spar,66c5880276953f4db0812a70,Chio Master Crok sajtos kukoricasnack 40 g,,True,,5997312702348,399.0,g,40.0,False,,,,,https://imageproxy.wolt.com/assets/67f671d66c2ad1f833534ad6,,chips-extrudalt-termekek-114
Spar,66c5880276953f4db0813281,Mogyi Caramoon édes vajkaramellás cukormázzal bevont pattogatott kukorica 70 g,,True,,5997347541592,425.0,g,70.0,False,,,,,https://imageproxy.wolt.com/assets/6675e744e98c4a1a5c64237f,,chips-extrudalt-termekek-114
Spar,66c5880276953f4db0812c35,Pringles Original natúr snack 165 g,,True,,5053990101573,1699.0,g,165.0,False,,,,,https://imageproxy.wolt.com/assets/6745acdb326dc9388468569e,,chips-extrudalt-termekek-114
Spar,66c5880276953f4db08131bf,Pringles Hot & Spicy csípős ízesítésű snack 165 g,,True,,5053990101542,1699.0,g,165.0,False,,,,,https://imageproxy.wolt.com/assets/6745acdb326dc9388468569f,,chips-extrudalt-termekek-114
Spar,66c5880276953f4db0812f32,Cheetos sajtos ízesítésű kukoricasnack 85 g,,True,,5900259029041,619.0,g,85.0,False,,,,,https://imageproxy.wolt.com/assets/6675eeee1b708918eb6e346b,,chips-extrudalt-termekek-114
Spar,66c5880276953f4db081339e,Cheetos Spirals sajtos & ketchupos ízesítésű kukoricasnack 30 g,,True,,5900259087164,539.0,g,30.0,False,,,,,https://imageproxy.wolt.com/assets/67502a9d71fc340e3bf37cef;https://imageproxy.wolt.com/assets/67502aa071fc340e3bf37cf6,,chips-extrudalt-termekek-114
Spar,66c5880276953f4db0812f45,Cheetos ketchupos ízesítésű kukoricasnack 85 g,,True,,5900259353276,619.0,g,85.0,False,,,,,https://imageproxy.wolt.com/assets/67ac73a5c03d2d30f984fe9d,,chips-extrudalt-termekek-114
Spar,66c5880276953f4db0813237,Cheetos Pizzerini pizzás ízesítésű kukoricasnack 85 g,,True,,5900259130839,619.0,g,85.0,False,,,,,https://imageproxy.wolt.com/assets/6676767eb669ac6c8eaecd0d,,chips-extrudalt-termekek-114
Spar,66c5880276953f4db08140ae,SPAR PREMIUM burgonyachips tengeri sóval 100 g,,True,,9100000765556,1149.0,g,100.0,False,,,,,https://imageproxy.wolt.com/assets/6675deed88898805c808951b;https://imageproxy.wolt.com/assets/6675deeeb669ac6c8eae7f00,,chips-extrudalt-termekek-114
Spar,66c5880276953f4db08140d9,SPAR PREMIUM paradicsommal és bazsalikommal ízesített burgonyachips 100 g,,True,,9100000736020,1149.0,g,100.0,False,,,,,https://imageproxy.wolt.com/assets/6675deedb669ac6c8eae7efe;https://imageproxy.wolt.com/assets/6675deef88898805c808951e,,chips-extrudalt-termekek-114
Spar,66c5880276953f4db081416a,DESPAR PREMIUM olasz snack extra szűz olívaolajjal 300 g,,True,,8001300500858,949.0,g,300.0,False,,,,,https://imageproxy.wolt.com/assets/6675e079e98c4a1a5c641db4;https://imageproxy.wolt.com/assets/6675e07ae98c4a1a5c641db6,,chips-extrudalt-termekek-114
Spar,66c5880276953f4db0814155,Cheetos sajtos ízű kukoricasnack 43 g,,True,,5900259083494,429.0,g,43.0,False,,,,,https://imageproxy.wolt.com/assets/66759b9c1b708918eb6e0129;https://imageproxy.wolt.com/assets/66759b9e1b708918eb6e012b,,chips-extrudalt-termekek-114
Spar,66c5880276953f4db081419d,RiceUp! Eat Smart teljes kiőrlésű barna rizs chips barbecue ízesítéssel 60 g,,True,,3800233070101,479.0,g,60.0,False,,,,,https://imageproxy.wolt.com/assets/6675e2aad8b6b903a55fa9f4;https://imageproxy.wolt.com/assets/6675e2abd8b6b903a55fa9f6,,chips-extrudalt-termekek-114
Spar,66c5880276953f4db0814289,Szafi Free hagymás-tejfölös ízű lencse-hajdina chips 50 g,,True,,5999564156795,649.0,g,50.0,False,,,,,https://imageproxy.wolt.com/assets/66765f60d8b6b903a55ff36e,,chips-extrudalt-termekek-114
Spar,66c5880276953f4db081439a,Handl Tyrol sonka chips 40 g,,True,,9001745016029,1599.0,g,40.0,False,,,,,https://imageproxy.wolt.com/assets/67b34355c03d2d30f985d793,,chips-extrudalt-termekek-114
Spar,66c5880276953f4db08143f1,Elephant chips-tallér mézes-mustáros és hagymás fűszerezéssel 70 g,,True,,5949040202058,549.0,g,70.0,False,,,,,https://imageproxy.wolt.com/assets/66767776d88b3e741b73d8ad,,chips-extrudalt-termekek-114
Spar,66c5880276953f4db081435e,Pom-Bär Original burgonyasnack 150 g,,True,,5996253001749,1049.0,g,150.0,False,,,,,https://imageproxy.wolt.com/assets/67f671ed6c2ad1f833534b13,,chips-extrudalt-termekek-114
Spar,66c5880276953f4db0814428,Csíki Csipsz Parajdi Sós burgonyacsipsz 50 g,,True,,5941904702445,499.0,g,50.0,False,,,,,https://imageproxy.wolt.com/assets/667666e61b708918eb6e7d06;https://imageproxy.wolt.com/assets/667666e7e98c4a1a5c64715d,,chips-extrudalt-termekek-114
Spar,66c5880276953f4db0814419,Csíki Csipsz szarvasgomba ízesítésű pityókacsipsz 50 g,,True,,5941904702483,499.0,g,50.0,False,,,,,https://imageproxy.wolt.com/assets/67a5ea2f426b3705e96f3cf3;https://imageproxy.wolt.com/assets/67a5ea30426b3705e96f3cf8,,chips-extrudalt-termekek-114
Spar,66c5880276953f4db0814460,TAKIS snack Fuego chili és lime fűszerezéssel 100 g,,True,,8412600019672,1399.0,g,100.0,False,,,,,https://imageproxy.wolt.com/assets/678e0e41daf01e7f1ad1aefa,,chips-extrudalt-termekek-114
Spar,67bf8f6b31caa9252d551be8,Chio sült csirke ízű burgonyasnack 60 g,,True,,5941445668651,599.0,g,60.0,False,,,,,https://imageproxy.wolt.com/assets/68629b1479b6a26d55240b2a,,chips-extrudalt-termekek-114
Spar,67bf8f6b31caa9252d551c04,Chio barbecue ízű burgonyachips 130 g,,True,,5996253002142,899.0,g,130.0,False,,,,,https://imageproxy.wolt.com/assets/6864f7880cfff62adec398e4,,chips-extrudalt-termekek-114
Spar,67bf8f6b31caa9252d551be9,Chio barbecue ízű burgonyachips 60 g,,True,,5941445676373,549.0,g,60.0,False,,,,,https://imageproxy.wolt.com/assets/6864f7830cfff62adec398dd,,chips-extrudalt-termekek-114
Spar,67bf8f6b31caa9252d551bec,Chio sültcsirke ízű burgonyachips 130 g,,True,,5996253002166,899.0,g,130.0,False,,,,,https://imageproxy.wolt.com/assets/6864f7880cfff62adec398e5,,chips-extrudalt-termekek-114
Spar,67bf8f6b31caa9252d551bcc,Chio sültcsirke ízű burgonyachips 60 g,,True,,5941445675635,549.0,g,60.0,False,,,,,https://imageproxy.wolt.com/assets/6862629fca37b8c5780462dd,,chips-extrudalt-termekek-114
Spar,67bf8f6b31caa9252d551bdc,Chio Intense chilli és lime ízű burgonyachips 55 g,,True,,5996253001121,549.0,g,55.0,False,,,,,https://imageproxy.wolt.com/assets/686505a40cfff62adec399b2,,chips-extrudalt-termekek-114
Spar,67bf8f6b31caa9252d551bf2,Chio Exxtra Intense jalapeño chili és sajt ízű burgonyachips 55 g,,True,,5996253001114,549.0,g,55.0,False,,,,,https://imageproxy.wolt.com/assets/686505a40cfff62adec399b3,,chips-extrudalt-termekek-114
Spar,67bf8f6b31caa9252d551bd6,Chio Intense tejfölös-zöldfűszeres ízű burgonyachips 120 g,,True,,3856021305993,899.0,g,120.0,False,,,,,https://imageproxy.wolt.com/assets/6864f7830cfff62adec398de,,chips-extrudalt-termekek-114
Spar,67bf8f6b31caa9252d551bf8,Chio sós lencse chips 65 g,,True,,5996253002210,799.0,g,65.0,False,,,,,https://imageproxy.wolt.com/assets/686bc3c26155cf1e51166332,,chips-extrudalt-termekek-114
Spar,67bf8f6b31caa9252d551be4,Chio Flips földimogyorós kukoricasnack 80 g,,True,,5996253002241,599.0,g,80.0,False,,,,,https://imageproxy.wolt.com/assets/686bc3cb31b295b17a8ec128,,chips-extrudalt-termekek-114
Spar,67bf8f6b31caa9252d551be7,Pringles hagymás-tejfölös ízesítésű sós snack 165 g,,True,,5053990101597,1699.0,g,165.0,False,,,,,https://imageproxy.wolt.com/assets/6747a701326dc938846859d0,,chips-extrudalt-termekek-114
Spar,67bf8f6b31caa9252d551bde,Lay's Max Strong sajt és csípőspaprika ízű burgonyachips 120 g,,True,,5900259127747,959.0,g,120.0,False,,,,,https://imageproxy.wolt.com/assets/66767b4c1b708918eb6e86c0,,chips-extrudalt-termekek-114
Spar,67bf8f6b31caa9252d551bed,Lay's Max Strong burgonyachips csípős húsos jellegű ízesítéssel 120 g,,False,,5900259128492,959.0,g,120.0,False,,,,,https://imageproxy.wolt.com/assets/66ed82582908e4074f2b0c71,,chips-extrudalt-termekek-114
Spar,67bf8f6b31caa9252d551c02,Pringles paprikás ízesítésű snack 165 g,,True,,5053990106868,1699.0,g,165.0,False,,,,,https://imageproxy.wolt.com/assets/667947701cbcb86740957a9e,,chips-extrudalt-termekek-114
Spar,67bf8f6b31caa9252d551be1,Pringles sajtos ízesítésű snack 165 g,,True,,5053990106981,1699.0,g,165.0,False,,,,,https://imageproxy.wolt.com/assets/6745acda326dc9388468569b,,chips-extrudalt-termekek-114
Spar,67bf8f6b31caa9252d551bf5,Pringles sós és ecetes ízesítésű snack 165 g,,True,,5053990101580,1699.0,g,165.0,False,,,,,https://imageproxy.wolt.com/assets/6745acdc326dc938846856a0,,chips-extrudalt-termekek-114
Spar,67bf8f6b31caa9252d551b2c,Szafi Free BBQ ízű lencse-hajdina chips 50 g,,True,,5999564156801,649.0,g,50.0,False,,,,,https://imageproxy.wolt.com/assets/66765f60d8b6b903a55ff36d,,chips-extrudalt-termekek-114
Spar,67bf8f6b31caa9252d551bca,S-Budget paprikás ízű burgonyachips 300 g,,True,,9100000907260,1199.0,g,300.0,False,,,,,https://imageproxy.wolt.com/assets/668bf354e2619050df89bebd;https://imageproxy.wolt.com/assets/668bf356e2619050df89bebe,,chips-extrudalt-termekek-114
Spar,67bf8f6b31caa9252d551bfa,S-Budget sós burgonyachips 300 g,,True,,9100000831701,1199.0,g,300.0,False,,,,,https://imageproxy.wolt.com/assets/668bf3581054596ea8f8163b;https://imageproxy.wolt.com/assets/668bf35a1054596ea8f8163d,,chips-extrudalt-termekek-114
Spar,67bf8f6b31caa9252d551bd5,Doritos barbecue ízesítésű kukoricachips 100 g,,True,,5900259106667,899.0,g,100.0,False,,,,,https://imageproxy.wolt.com/assets/68076b1f8c54e096e9cabff2,,chips-extrudalt-termekek-114
Spar,67bf8f6b31caa9252d551df7,Madeco jalapeno ropogós tepertő chips 75 g,,True,,5701397021351,1299.0,g,75.0,False,,,,,https://imageproxy.wolt.com/assets/66e874a29c318b60da9e9265,,chips-extrudalt-termekek-114
Spar,67bf8f6b31caa9252d551e02,Madeco sós ropogós tepertő chips 75 g,,True,,5701397021344,1299.0,g,75.0,False,,,,,https://imageproxy.wolt.com/assets/66e874a49c318b60da9e9269,,chips-extrudalt-termekek-114
Spar,67bf8f6b31caa9252d551c07,Cheetos pizzás ízesítésű kukoricasnack 43 g,,True,,5900259133274,429.0,g,43.0,False,,,,,https://imageproxy.wolt.com/assets/67078c2050121e6a4d744e96,,chips-extrudalt-termekek-114
Spar,67bf8f6b31caa9252d551c06,Bersi Saaajtos Golyók sajtos ízű snack 60 g,,True,,8594001192854,369.0,g,60.0,False,,,,,https://imageproxy.wolt.com/assets/6675dda1b669ac6c8eae7d8b,,chips-extrudalt-termekek-114
Spar,67bf8f6b31caa9252d551bc7,Bersi Snack magyaros kolbász ízű snack 60 g,,True,,8594001190768,399.0,g,60.0,False,,,,,https://imageproxy.wolt.com/assets/66759990e98c4a1a5c63f2f3;https://imageproxy.wolt.com/assets/667599911b708918eb6dfe7e,,chips-extrudalt-termekek-114
Spar,67bf8f6b31caa9252d551d64,Lestello puffasztott barna rizstallér 135 g,,True,,5902609000557,419.0,g,135.0,False,,,,,https://imageproxy.wolt.com/assets/677b9e0769cf466c3d9fcece,,chips-extrudalt-termekek-114
Spar,67bf8f6b31caa9252d551d4b,Lestello hajdina tallér 135 g,,True,,5902609001035,799.0,g,135.0,False,,,,,https://imageproxy.wolt.com/assets/677b9e0769cf466c3d9fcecc,,chips-extrudalt-termekek-114
Spar,67bf8f6b31caa9252d551be3,"Lay´s pikáns, paprikás ízű burgonyachips 60 g",,True,,5900259113863,579.0,g,60.0,False,,,,,https://wolt-menu-images-cdn.wolt.com/menu-images/66544565d6a91b4d1392d750/0215c76e-f373-11ef-a5af-8a8dc57480ad_wst__prefix_____lays_paprika__1_.jpg,,chips-extrudalt-termekek-114
Spar,67bf8f6b31caa9252d551c17,Lorenz Pomsticks burgonya pálcikák tejfölös ízesítéssel 85 g,,True,,4018077082177,699.0,g,85.0,False,,,,,https://wolt-menu-images-cdn.wolt.com/menu-images/66544565d6a91b4d1392d750/5e6e8f78-f373-11ef-90c7-f217047377c6_wst__prefixpom__1_.jpg,,chips-extrudalt-termekek-114
Spar,67bf8f6b31caa9252d551bee,Lorenz Crunchips X-Cut sajtos-hagymás ízesítésű hullámos burgonyachips 75 g,,True,,4018077000324,799.0,g,75.0,False,,,,,https://wolt-menu-images-cdn.wolt.com/menu-images/66544565d6a91b4d1392d750/ac2ff12a-f373-11ef-ae0c-fa4e5954290d_wst__prefix_____lorenz_sajt__1_.jpg,,chips-extrudalt-termekek-114
Spar,67bf8f6b31caa9252d551c29,Lorenz Pomsticks burgonya pálcikák chili ízesítéssel 85 g,,True,,4018077082191,699.0,g,85.0,False,,,,,https://wolt-menu-images-cdn.wolt.com/menu-images/66544565d6a91b4d1392d750/b24c6246-f373-11ef-9a21-36ccee364bdd_wst_prefixpomst__1_.jpg,,chips-extrudalt-termekek-114
Spar,67bf8f6b31caa9252d551bf9,Lorenz Crunchips X-Cut sós ízesítésű hullámos burgonyachips 75 g,,True,,4018077000317,799.0,g,75.0,False,,,,,https://wolt-menu-images-cdn.wolt.com/menu-images/66544565d6a91b4d1392d750/163234de-f374-11ef-8011-5e0ae99ba00a_wst__prefix_____lorenz_so_s__2_.jpg,,chips-extrudalt-termekek-114
Spar,67bf8f6b31caa9252d551c11,Cheetos ketchup ízesítésű kukoricasnack 43 g,,True,,5900259083531,429.0,g,43.0,False,,,,,https://wolt-menu-images-cdn.wolt.com/menu-images/66544565d6a91b4d1392d750/1d72d992-f374-11ef-aa14-fe0ea9cc1432_wst_prefixcheet__1_.jpg,,chips-extrudalt-termekek-114
Spar,67eef6f4a4c9f31b10154403,S-Budget sós kukorica pehely 100 g,,True,,5999139403422,159.0,g,100.0,False,,,,,https://imageproxy.wolt.com/assets/67e3e0bfdf898c53aa73f823;https://imageproxy.wolt.com/assets/67e3e0c1df898c53aa73f826,,chips-extrudalt-termekek-114
Spar,67eef6f4a4c9f31b10154405,S-Budget paprikás kukorica pehely 100 g,,True,,5999139403439,179.0,g,100.0,False,,,,,https://imageproxy.wolt.com/assets/67e3e0bfdf898c53aa73f821;https://imageproxy.wolt.com/assets/67e3e0c1df898c53aa73f827,,chips-extrudalt-termekek-114
Spar,67eef6f4a4c9f31b1015440f,S-Budget sós burgonyaszirom 125 g,,True,,5999139403446,575.0,g,125.0,False,,,,,https://imageproxy.wolt.com/assets/67e3e0bedf898c53aa73f81f;https://imageproxy.wolt.com/assets/67e3e0c0df898c53aa73f824,,chips-extrudalt-termekek-114
Spar,67eef6f4a4c9f31b10154406,S-Budget hagymás tejfölös ízű burgonyaszirom 125 g,,True,,5999139403453,575.0,g,125.0,False,,,,,https://imageproxy.wolt.com/assets/67e3e0bfdf898c53aa73f822;https://imageproxy.wolt.com/assets/67e3e0c0df898c53aa73f825,,chips-extrudalt-termekek-114
Spar,66c5880276953f4db0813a51,Chio Tortillas sajtos kukoricasnack 110 g,,True,,4001242106341,799.0,g,110.0,False,,,,,https://imageproxy.wolt.com/assets/68629b1379b6a26d55240b26,,tortilla-chips-es-szoszok-115
Spar,66c5880276953f4db0813a69,Chio Tortillas sós kukoricasnack 110 g,,True,,4001242106334,799.0,g,110.0,False,,,,,https://imageproxy.wolt.com/assets/68629ae379b6a26d55240a8f,,tortilla-chips-es-szoszok-115
Spar,66c5880276953f4db0813214,Chio Dip! csípős sajtszósz 200 ml,,True,,4001242108239,1349.0,ml,200.0,False,,,,,https://imageproxy.wolt.com/assets/686bc3ba6155cf1e51166328,,tortilla-chips-es-szoszok-115
Spar,66c5880276953f4db0812c2b,SPAR Tortilla Chips sajtos kukorica snack 200 g,,True,,8710671090232,659.0,g,200.0,False,,,,,https://imageproxy.wolt.com/assets/6675df9ae98c4a1a5c641cf7;https://imageproxy.wolt.com/assets/6675df9b1b708918eb6e289e,,tortilla-chips-es-szoszok-115
Spar,66c5880276953f4db0812d26,Poco Loco Tortilla enyhén sózott kukoricachips 200 g,,True,,5412514333348,999.0,g,200.0,False,,,,,https://imageproxy.wolt.com/assets/67b486f94bb6bd6f144b8138,,tortilla-chips-es-szoszok-115
Spar,66c5880276953f4db0812d27,Poco Loco Tortilla chili ízesítésű kukoricachips 200 g,,True,,5412514111144,999.0,g,200.0,False,,,,,https://imageproxy.wolt.com/assets/680f37fcccc5d896a408e519,,tortilla-chips-es-szoszok-115
Spar,66c5880276953f4db0812d1d,Poco Loco Tortilla sajtos ízesítésű kukoricachips 200 g,,True,,5412514222246,999.0,g,200.0,False,,,,,https://imageproxy.wolt.com/assets/67b486f94bb6bd6f144b8137,,tortilla-chips-es-szoszok-115
Spar,66c5880276953f4db08131c3,Poco Loco sajtmártás sajttal és jalapeno chili paprikával 300 g,,True,,5412514999940,1499.0,g,300.0,False,,,,,https://imageproxy.wolt.com/assets/6676791e88898805c808e5cb;https://imageproxy.wolt.com/assets/6676791f88898805c808e5cc,,tortilla-chips-es-szoszok-115
Spar,66c5880276953f4db081353e,SPAR csípős sajtos szósz jalapeno paprikával 300 g,,True,,8710671202734,799.0,g,300.0,False,,,,,https://imageproxy.wolt.com/assets/6676613be98c4a1a5c646ca3;https://imageproxy.wolt.com/assets/6676613de98c4a1a5c646ca6,,tortilla-chips-es-szoszok-115
Spar,66c5880276953f4db08144a1,El Sabor sós nacho chips 225 g,,True,,5202175001515,1099.0,g,225.0,False,,,,,https://imageproxy.wolt.com/assets/6675ed84e98c4a1a5c64273f,,tortilla-chips-es-szoszok-115
Spar,66c5880276953f4db08144c4,Mogyi Mexi Corn chilis tortilla chips 90 g,,True,,5997347539957,499.0,g,90.0,False,,,,,https://imageproxy.wolt.com/assets/66797e55aaf00073b05867c9,,tortilla-chips-es-szoszok-115
Spar,66c5880276953f4db08144d2,Mogyi Mexi Corn sajtos tortilla chips 90 g,,True,,5997347539933,499.0,g,90.0,False,,,,,https://imageproxy.wolt.com/assets/66797e55d6001a5b8061fe1c,,tortilla-chips-es-szoszok-115
Spar,66c5880276953f4db08144e8,Mogyi Mexi Corn sós tortilla chips 90 g,,True,,5997347539971,499.0,g,90.0,False,,,,,https://imageproxy.wolt.com/assets/66797e51d6001a5b8061fe1b,,tortilla-chips-es-szoszok-115
Spar,66c5880276953f4db0813c2a,Doritos édes chili ízesítésű kukoricachips 100 g,,True,,5900259117564,899.0,g,100.0,False,,,,,https://imageproxy.wolt.com/assets/68076b1d8c54e096e9cabfef,,tortilla-chips-es-szoszok-115
Spar,66c5880276953f4db0813c5e,Doritos csípős paprikás ízű kukoricachips 100 g,,True,,5900259094728,899.0,g,100.0,False,,,,,https://imageproxy.wolt.com/assets/68076b1e8c54e096e9cabff1,,tortilla-chips-es-szoszok-115
Spar,67bf8f6b31caa9252d551c13,El Sabor nacho chips sajtos ízesítéssel 225 g,,True,,5202175001522,1099.0,g,225.0,False,,,,,https://imageproxy.wolt.com/assets/6675ed841b708918eb6e32e6,,tortilla-chips-es-szoszok-115
Spar,67bf8f6b31caa9252d551c0f,El Sabor nacho chips barbeque ízesítéssel 225 g,,True,,5202175001546,1099.0,g,225.0,False,,,,,https://imageproxy.wolt.com/assets/6675ed841b708918eb6e32e5,,tortilla-chips-es-szoszok-115
Spar,67bf8f6b31caa9252d551c09,"Mogyi Mexi Corn Dip Salsa ízű csípős, fűszeres szósz paradicsommal 310 g",,True,,5997347539896,1299.0,g,310.0,False,,,,,https://imageproxy.wolt.com/assets/66797e55d6001a5b8061fe1d,,tortilla-chips-es-szoszok-115
Spar,688bdc88f6c7a553faf61d5f,Poco Loco Tortilla barbecue ízesítésű kukoricachips 200 g,,True,,5412514444457,899.0,g,200.0,False,,,,,https://imageproxy.wolt.com/assets/6676791eb669ac6c8eaecfd0;https://imageproxy.wolt.com/assets/6676791eb669ac6c8eaecfd1,,tortilla-chips-es-szoszok-115
Spar,66c5880276953f4db08139a5,Chio sajtos ízű popcorn 80 g,,True,,8595606207462,299.0,g,80.0,False,,,,,https://imageproxy.wolt.com/assets/68629b0179b6a26d55240ae9,,popcorn-303
Spar,66c5880276953f4db0812ed1,SPAR Popcorn sózott pattogatni való kukorica 100 g,,True,,9100000754642,165.0,g,100.0,False,,,,,https://imageproxy.wolt.com/assets/6676759fb669ac6c8eaecc40;https://imageproxy.wolt.com/assets/667675a0b669ac6c8eaecc42,,popcorn-303
Spar,66c5880276953f4db0812a09,Mogyi Micro Pop mikrohullámú sütőben elkészíthető vajízű pattogatni való kukorica 100 g,,True,,5997473544047,299.0,g,100.0,False,,,,,https://imageproxy.wolt.com/assets/66961cf483329c5657597016,,popcorn-303
Spar,66c5880276953f4db0812a1e,"Mogyi Micro Pop sajtízű, mikrohullámú sütőben elkészíthető pattogatni való kukorica 100 g",,True,,5997473544030,299.0,g,100.0,False,,,,,https://imageproxy.wolt.com/assets/66767acdd88b3e741b73d958,,popcorn-303
Spar,66c5880276953f4db08129f6,"Mogyi Micro Pop sós, mikrohullámú sütőben elkészíthető pattogatni való kukorica 100 g",,True,,5997473544023,299.0,g,100.0,False,,,,,https://imageproxy.wolt.com/assets/66961cf483329c5657597015,,popcorn-303
Spar,66c5880276953f4db0812a91,Mogyi Micro Pop mikrohullámú sütőben elkészíthető vajízű pattogatni való kukorica 3 x 100 g (300 g),,True,,5997347556800,699.0,g,300.0,False,,,,,https://imageproxy.wolt.com/assets/66961cf483329c5657597017,,popcorn-303
Spar,66c5880276953f4db0812ab6,Mogyi Micro Pop mikrohullámú sütőben elkészíthető sajtízű pattogatni való kukorica 3 x 100 g (300 g),,True,,5997347556794,699.0,g,300.0,False,,,,,https://imageproxy.wolt.com/assets/66766325e98c4a1a5c646f3a,,popcorn-303
Spar,66c5880276953f4db0812aa0,"Mogyi Micro Pop sós, mikrohullámú sütőben elkészíthető pattogatni való kukorica 3 x 100 g (300 g)",,True,,5997347556787,699.0,g,300.0,False,,,,,https://imageproxy.wolt.com/assets/6694d9877f7ccb3e2949c16c,,popcorn-303
Spar,66c5880276953f4db0812f01,SPAR Pop Corn mikrohullámú sütőben készíthető sózott pattogatni való kukorica 3 x 100 g (300 g),,True,,9100000754666,529.0,g,300.0,False,,,,,https://imageproxy.wolt.com/assets/66766a35d8b6b903a55ff7d1;https://imageproxy.wolt.com/assets/66766a36d8b6b903a55ff7d2,,popcorn-303
Spar,66c5880276953f4db08131f7,"SPAR Pop Corn mikrohullámú sütőben készíthető, vajas ízű, sózott pattogatni való kukorica 3 x 100 g",,True,,9100000758299,529.0,g,300.0,False,,,,,https://imageproxy.wolt.com/assets/66766a3588898805c808de04;https://imageproxy.wolt.com/assets/66766a36d88b3e741b73d14e,,popcorn-303
Spar,66544f27584ad684ed53f3ce,"SPAR Pop Corn mikrohullámú sütőben készíthető, vajas ízű, sózott pattogatni való kukorica 100 g",,True,,5999033851497,165.0,g,100.0,False,,,,,https://imageproxy.wolt.com/assets/678e0e414b2b7137a212e439,,popcorn-303
Spar,67bf8f6b31caa9252d551bd7,Csíki Csipsz szarvasgombás ízesítésű pattogatott kukorica 40 g,,True,,5941904702360,499.0,g,40.0,False,,,,,https://imageproxy.wolt.com/assets/67a5ea2e426b3705e96f3cf0;https://imageproxy.wolt.com/assets/67a5ea30426b3705e96f3cf6,,popcorn-303
Spar,67bf8f6b31caa9252d551c08,"SPAR Popcorn csökkentett zsírtartalmú, sózott pattogatni való kukorica 3 x 90 g",,True,,5997347559993,529.0,g,270.0,False,,,,,https://wolt-menu-images-cdn.wolt.com/menu-images/66544565d6a91b4d1392d750/f4ea3c6e-f372-11ef-b11a-da732d93869f_wst__prefixpopcorn__1_.jpg,,popcorn-303
Spar,66c5880276953f4db081347b,Chio Stickletti hagymás-tejfölös pálcika 80 g,,True,,5996253000476,499.0,g,80.0,False,,,,,https://imageproxy.wolt.com/assets/68629b1b79b6a26d55240b43,,ropi-perec-sos-kekszek-116
Spar,66c5880276953f4db0812db6,Chio Stickletti Original sós pálcika 100 g,,True,,4000522061752,499.0,g,100.0,False,,,,,https://imageproxy.wolt.com/assets/68629b1979b6a26d55240b3f,,ropi-perec-sos-kekszek-116
Spar,66c5880276953f4db0812dd4,Chio Stickletti Original sós pálcika 2 x 100 g,,True,,4000522061691,899.0,g,200.0,False,,,,,https://imageproxy.wolt.com/assets/686270ac79b6a26d55240754,,ropi-perec-sos-kekszek-116
Spar,66c5880276953f4db0813467,Chio Stickletti sajtos pálcika 80 g,,True,,5996253000469,499.0,g,80.0,False,,,,,https://imageproxy.wolt.com/assets/68629b1a79b6a26d55240b41,,ropi-perec-sos-kekszek-116
Spar,66c5880276953f4db081347c,Chio Stickletti burgonyás pálcika 80 g,,True,,5996253000452,499.0,g,80.0,False,,,,,https://imageproxy.wolt.com/assets/68629b1979b6a26d55240b3c,,ropi-perec-sos-kekszek-116
Spar,66c5880276953f4db081345e,SPAR sós pálcika 375 g,,True,,5999033878333,799.0,g,375.0,False,,,,,https://imageproxy.wolt.com/assets/6676765ab669ac6c8eaeccf0;https://imageproxy.wolt.com/assets/6676765b88898805c808e2ee,,ropi-perec-sos-kekszek-116
Spar,66c5880276953f4db0813484,SPAR sós pálcika 45 g,,True,,5999033878326,139.0,g,45.0,False,,,,,https://imageproxy.wolt.com/assets/6676765dd88b3e741b73d846;https://imageproxy.wolt.com/assets/6676765ed8b6b903a55ffecb,,ropi-perec-sos-kekszek-116
Spar,66c5880276953f4db0813719,S-Budget sós pálcika 250 g,,True,,5999033885393,465.0,g,250.0,False,,,,,https://imageproxy.wolt.com/assets/6675e8d3e98c4a1a5c6424b6;https://imageproxy.wolt.com/assets/6675e8d4e98c4a1a5c6424b8,,ropi-perec-sos-kekszek-116
Spar,66c5880276953f4db08139af,Csipet Ropi 80 g,,True,,5997424311414,299.0,g,80.0,False,,,,,https://imageproxy.wolt.com/assets/66767c7a1b708918eb6e87be,,ropi-perec-sos-kekszek-116
Spar,66c5880276953f4db08127dd,Chio Maxi Mix sós kréker keverék 200 g,,True,,4000522061172,1049.0,g,200.0,False,,,,,https://imageproxy.wolt.com/assets/68629b1c79b6a26d55240b48,,ropi-perec-sos-kekszek-116
Spar,66c5880276953f4db081284f,Chio Party Mix sós kréker keverék 200 g,,True,,4000522060519,899.0,g,200.0,False,,,,,https://imageproxy.wolt.com/assets/68629b1c79b6a26d55240b47,,ropi-perec-sos-kekszek-116
Spar,66c5880276953f4db0812db4,Chio Brezli Original sósperec 200 g,,True,,5997312706018,899.0,g,200.0,False,,,,,https://imageproxy.wolt.com/assets/68629b1979b6a26d55240b3e,,ropi-perec-sos-kekszek-116
Spar,66c5880276953f4db0812dcd,Chio Crackings Original sós kréker 100 g,,True,,4000522060731,499.0,g,100.0,False,,,,,https://imageproxy.wolt.com/assets/68629b1b79b6a26d55240b45,,ropi-perec-sos-kekszek-116
Spar,66c5880276953f4db0812db5,Chio Maxi Mix kréker és sósperec keverék 100 g,,True,,4000522060915,639.0,g,100.0,False,,,,,https://imageproxy.wolt.com/assets/68629b1c79b6a26d55240b4a,,ropi-perec-sos-kekszek-116
Spar,66c5880276953f4db0813c5c,Chio Gold Fischli szezámmagos kréker 80 g,,True,,5996253001237,499.0,g,80.0,False,,,,,https://imageproxy.wolt.com/assets/67f671fb6c2ad1f833534b2f,,ropi-perec-sos-kekszek-116
Spar,66c5880276953f4db0813c39,Chio Gold Fischli sajtos kréker 80 g,,True,,5996253001213,499.0,g,80.0,False,,,,,https://imageproxy.wolt.com/assets/67f671fb6c2ad1f833534b2e,,ropi-perec-sos-kekszek-116
Spar,66c5880276953f4db081328b,King csökkentett sótartalmú hagymás-tejfölös kréker 100 g,,True,,5997380351318,249.0,g,100.0,False,,,,,https://imageproxy.wolt.com/assets/67a079f5426b3705e96ecc43;https://imageproxy.wolt.com/assets/67a079f7426b3705e96ecc45,,ropi-perec-sos-kekszek-116
Spar,66c5880276953f4db0812d0a,Tuc tejfölös-hagymás ízű kréker 100 g,,True,,5998711388935,479.0,g,100.0,False,,,,,https://imageproxy.wolt.com/assets/67d036485c9df973977dbc92,,ropi-perec-sos-kekszek-116
Spar,66c5880276953f4db0812b68,Tuc füstölt bacon ízű kréker 100 g,,True,,7622300570293,479.0,g,100.0,False,,,,,https://imageproxy.wolt.com/assets/67d036485c9df973977dbc91,,ropi-perec-sos-kekszek-116
Spar,66c5880276953f4db0812d89,Tuc Mini füstölt bacon ízű kréker 100 g,,True,,7622300570316,479.0,g,100.0,False,,,,,https://imageproxy.wolt.com/assets/685baeff129954c616dd82f6,,ropi-perec-sos-kekszek-116
Spar,66c5880276953f4db0812c7f,Tuc sajtos ízű kréker 100 g,,True,,5998711388928,479.0,g,100.0,False,,,,,https://imageproxy.wolt.com/assets/67d036485c9df973977dbc95,,ropi-perec-sos-kekszek-116
Spar,66c5880276953f4db08132ad,King csökkentett sótartalmú sonkás ízű kréker 100 g,,True,,5997380351332,249.0,g,100.0,False,,,,,https://imageproxy.wolt.com/assets/679d121b426b3705e96e8c46;https://imageproxy.wolt.com/assets/679d121e426b3705e96e8c4b,,ropi-perec-sos-kekszek-116
Spar,66c5880276953f4db08139aa,"Detki Vital Fitt sós teljes kiőrlésű kréker, cukor hozzáadása nélkül 100 g",,True,,5997380352674,399.0,g,100.0,False,,,,,https://imageproxy.wolt.com/assets/667650fc88898805c808cdec;https://imageproxy.wolt.com/assets/667650fd88898805c808cded,,ropi-perec-sos-kekszek-116
Spar,66c5880276953f4db08132a9,7DAYS Bake Rolls hagymás és tejföl ízű kétszersült 80 g,,True,,5201360674503,499.0,g,80.0,False,,,,,https://imageproxy.wolt.com/assets/6676571ae98c4a1a5c6468f8,,ropi-perec-sos-kekszek-116
Spar,66c5880276953f4db0812df8,7DAYS Bake Rolls sós kétszersült 80 g,,True,,5201360639007,499.0,g,80.0,False,,,,,https://imageproxy.wolt.com/assets/6676571be98c4a1a5c6468f9,,ropi-perec-sos-kekszek-116
Spar,66c5880276953f4db0812deb,7DAYS Bake Rolls fokhagymás kétszersült 80 g,,True,,5201360639205,499.0,g,80.0,False,,,,,https://imageproxy.wolt.com/assets/6676571c88898805c808d1b5,,ropi-perec-sos-kekszek-116
Spar,66c5880276953f4db0813246,7DAYS Bake Rolls pizza ízű kétszersült 80 g,,True,,5201360671069,499.0,g,80.0,False,,,,,https://imageproxy.wolt.com/assets/6676571a1b708918eb6e74a6,,ropi-perec-sos-kekszek-116
Spar,66c5880276953f4db0812d8f,Maretti válogatott sajtokkal ízesített pirított kenyérkarikák 70 g,,True,,3800205875604,519.0,g,70.0,False,,,,,https://imageproxy.wolt.com/assets/6676564e1b708918eb6e73e1,,ropi-perec-sos-kekszek-116
Spar,66c5880276953f4db0813718,S-Budget sós perec 250 g,,True,,5999033885409,465.0,g,250.0,False,,,,,https://imageproxy.wolt.com/assets/6675e8d0b669ac6c8eae837d;https://imageproxy.wolt.com/assets/6675e8d188898805c808999a,,ropi-perec-sos-kekszek-116
Spar,66c5880276953f4db0813458,SPAR sós kisperec 375 g,,True,,5999033878340,799.0,g,375.0,False,,,,,https://imageproxy.wolt.com/assets/6676765ab669ac6c8eaeccef;https://imageproxy.wolt.com/assets/6676765bb669ac6c8eaeccf1,,ropi-perec-sos-kekszek-116
Spar,669a2e02b172b5b5486a1d6a,Sörperec 180 g,,True,,5998577700094,599.0,g,180.0,False,,,,,https://imageproxy.wolt.com/assets/66793d12bfc2441871a69de7,,ropi-perec-sos-kekszek-116
Spar,66c5880276953f4db0812d98,"Maretti paradicsom, olíva és oregánó ízesítésű pirított kétszersült karikák 70 g",,True,,3800205875109,519.0,g,70.0,False,,,,,https://imageproxy.wolt.com/assets/6676564bb669ac6c8eaebb58,,ropi-perec-sos-kekszek-116
Spar,66c5880276953f4db0812f24,Maretti sült fokhagyma ízesítésű pirított kétszersült karikák 70 g,,True,,3800205870517,519.0,g,70.0,False,,,,,https://imageproxy.wolt.com/assets/6676564ee98c4a1a5c646833,,ropi-perec-sos-kekszek-116
Spar,66c5880276953f4db0813728,Szafi Free hajdina tallér 100 g,,False,,5999564156498,949.0,g,100.0,False,,,,,https://imageproxy.wolt.com/assets/66765f5ed8b6b903a55ff36b,,ropi-perec-sos-kekszek-116
Spar,66c5880276953f4db081384a,S-Budget sajtos tallér 200 g,,True,,5999033889964,619.0,g,200.0,False,,,,,https://imageproxy.wolt.com/assets/6675f3a2b669ac6c8eae8861;https://imageproxy.wolt.com/assets/6675f3a488898805c8089e7d,,ropi-perec-sos-kekszek-116
Spar,66c5880276953f4db0813847,S-Budget köményes sajtos tallér 200 g,,True,,5999033889971,619.0,g,200.0,False,,,,,https://imageproxy.wolt.com/assets/6675f3a288898805c8089e7a;https://imageproxy.wolt.com/assets/6675f3a388898805c8089e7c,,ropi-perec-sos-kekszek-116
Spar,66c5880276953f4db0812b62,Tuc Original sós keksz 100 g,,True,,5410041435702,479.0,g,100.0,False,,,,,https://imageproxy.wolt.com/assets/67d036485c9df973977dbc94,,ropi-perec-sos-kekszek-116
Spar,66c5880276953f4db0812c98,Tuc Mini sós keksz 100 g,,True,,5998711388942,479.0,g,100.0,False,,,,,https://imageproxy.wolt.com/assets/68596056cbaa72e0d7ca59d8,,ropi-perec-sos-kekszek-116
Spar,66c5880276953f4db0813417,"Elephant chips-tallér paradicsomos, fűszeres ízesítéssel 70 g",,True,,5949040203000,549.0,g,70.0,False,,,,,https://imageproxy.wolt.com/assets/66767776d88b3e741b73d8ae,,ropi-perec-sos-kekszek-116
Spar,66c5880276953f4db081326b,Elephant sós chips-tallér 80 g,,True,,5949040201044,549.0,g,80.0,False,,,,,https://imageproxy.wolt.com/assets/66767776d8b6b903a55fff31,,ropi-perec-sos-kekszek-116
Spar,66c5880276953f4db0813249,Elephant chips-tallér szezámmagvakkal 80 g,,True,,5949040201068,549.0,g,80.0,False,,,,,https://imageproxy.wolt.com/assets/66767776d8b6b903a55fff30,,ropi-perec-sos-kekszek-116
Spar,66c5880276953f4db08142a1,"Detki Vital Fitt paradicsomos-bazsalikomos teljes kiőrlésű kréker, cukor hozzáadása nélkül 100 g",,True,,5997380352698,399.0,g,100.0,False,,,,,https://imageproxy.wolt.com/assets/667650fcb669ac6c8eaeb7eb;https://imageproxy.wolt.com/assets/667650fdb669ac6c8eaeb7ec,,ropi-perec-sos-kekszek-116
Spar,66c5880276953f4db0814410,Elephant csavart perec karamellizált hagyma ízesítéssel 70 g,,True,,5949040204328,549.0,g,70.0,False,,,,,https://imageproxy.wolt.com/assets/66767d29e98c4a1a5c647cbf,,ropi-perec-sos-kekszek-116
Spar,66c5880276953f4db08143f6,Elephant csavart perec méz és tengeri só ízesítéssel 70 g,,True,,5949040204311,549.0,g,70.0,False,,,,,https://imageproxy.wolt.com/assets/66767d2ae98c4a1a5c647cc0,,ropi-perec-sos-kekszek-116
Spar,66c5880276953f4db08143ee,Elephant csavart perec paradicsom és kömény ízesítéssel 70 g,,True,,5949040204335,549.0,g,70.0,False,,,,,https://imageproxy.wolt.com/assets/66767d2bd8b6b903a56000b0,,ropi-perec-sos-kekszek-116
Spar,66c5880276953f4db08144f4,Tuc Bake Rolls Mini pizzaízű kétszersült 150 g,,False,,7622202202551,949.0,g,150.0,False,,,,,https://imageproxy.wolt.com/assets/68596056cbaa72e0d7ca59d7,,ropi-perec-sos-kekszek-116
Spar,67bf8f6b31caa9252d551be5,Chio Stickletti burgonyás pálcika 160 g,,True,,5996253001640,899.0,g,160.0,False,,,,,https://imageproxy.wolt.com/assets/68629b1979b6a26d55240b40,,ropi-perec-sos-kekszek-116
Spar,67bf8f6b31caa9252d551c05,Chio Stickletti sajtos pálcika 160 g,,True,,5996253001657,899.0,g,160.0,False,,,,,https://imageproxy.wolt.com/assets/68629b1b79b6a26d55240b44,,ropi-perec-sos-kekszek-116
Spar,67bf8f6b31caa9252d551b39,Tuc Mini tejfölös-hagymás ízű kréker 100 g,,True,,5998711389000,479.0,g,100.0,False,,,,,https://imageproxy.wolt.com/assets/68596055cbaa72e0d7ca59d6,,ropi-perec-sos-kekszek-116
Spar,67bf8f6b31caa9252d551c2f,Maretti tejföl és hagyma ízesítésű pirított kétszersült karikák 70 g,,True,,3800205877325,519.0,g,70.0,False,,,,,https://imageproxy.wolt.com/assets/6676564b88898805c808d158,,ropi-perec-sos-kekszek-116
Spar,67bf8f6b31caa9252d551b17,Gullón Cracker sós keksz cheddar sajttal 250 g,,True,,8410376051933,1249.0,g,250.0,False,,,,,https://imageproxy.wolt.com/assets/6675ef51b669ac6c8eae870b;https://imageproxy.wolt.com/assets/6675ef52b669ac6c8eae870d,,ropi-perec-sos-kekszek-116
Spar,67bf8f6b31caa9252d551c14,SPAR sós pálcikák földimogyoróval töltve 150 g,,True,,3856021203930,689.0,g,150.0,False,,,,,https://imageproxy.wolt.com/assets/66a11b1eece2691c4f4b28c9;https://imageproxy.wolt.com/assets/66a11b1fece2691c4f4b28ca,,ropi-perec-sos-kekszek-116
Spar,67bf8f6b31caa9252d551c2a,7DAYS Bake Rolls bacon ízű kétszersült 80 g,,True,,5201360112265,499.0,g,80.0,False,,,,,https://imageproxy.wolt.com/assets/6676571c88898805c808d1b6,,ropi-perec-sos-kekszek-116
Spar,67bf8f6b31caa9252d551b0a,Le Veneziane Mini grissini 250 g,,True,,8009915008905,1999.0,g,250.0,False,,,,,https://imageproxy.wolt.com/assets/667947bb8cf5dc22349d80fb,,ropi-perec-sos-kekszek-116
Spar,67bf8f6b31caa9252d551b15,Le Veneziane Mini Grissini kukoricaliszttel készült sós rúd szezámmaggal és chia maggal 250 g,,True,,8009915008912,1999.0,g,250.0,False,,,,,https://imageproxy.wolt.com/assets/673b2f1f7bdc6d3ea7223050,,ropi-perec-sos-kekszek-116
Spar,67bf8f6b31caa9252d551aa2,Detki málnás ízű mini perec étbevonóval 160 g,,True,,5997380313446,599.0,g,160.0,False,,,,,https://wolt-menu-images-cdn.wolt.com/menu-images/66544565d6a91b4d1392d750/d60647aa-f36a-11ef-aa39-922dc65acae8_wst__prefixcsokiskeksz__1_.jpg,,ropi-perec-sos-kekszek-116
Spar,67bf8f6b31caa9252d551c18,Tuc Mini hagymás-tejfölös ízű kétszersült 150 g,,True,,7622202202582,949.0,g,150.0,False,,,,,https://wolt-menu-images-cdn.wolt.com/menu-images/66544565d6a91b4d1392d750/5864961e-f372-11ef-9f3e-aeb3c6e6ecf8_wst__prefixtuc__1_.jpg,,ropi-perec-sos-kekszek-116
Spar,67bf8f6b31caa9252d551c10,SPAR sós snack keverék 250 g,,True,,4008007055265,779.0,g,250.0,False,,,,,https://wolt-menu-images-cdn.wolt.com/menu-images/66544565d6a91b4d1392d750/27b376ec-f373-11ef-b527-f26b08fb937a_wst__prefixbox__1_.jpg,,ropi-perec-sos-kekszek-116
Spar,67bf8f6b31caa9252d551b44,King csökkentett sótartalmú sajtos kréker 100 g,,True,,5997380306011,249.0,g,100.0,False,,,,,https://wolt-menu-images-cdn.wolt.com/menu-images/66544565d6a91b4d1392d750/542edc58-f3ae-11ef-9311-cea03a145602_wst_463527007.jpg,,ropi-perec-sos-kekszek-116
Spar,67bf8f6b31caa9252d551adc,"Detki Vital Fitt édes chilis ízű, teljes kiőrlésű kréker",,True,,5997380313453,399.0,db,1.0,False,,,,,https://wolt-menu-images-cdn.wolt.com/menu-images/66544565d6a91b4d1392d750/ad6b1052-f3ae-11ef-bb78-161681d66757_wst_533487002.jpg,,ropi-perec-sos-kekszek-116
Spar,67fd7a3b99831b8a4d0c64bf,Wasa Sandwich ropogós rozskenyér sajtos-zöldfűszeres ízű töltelékkel 2 szelet 30 g,,True,,7300400127394,599.0,g,30.0,False,,,,,https://imageproxy.wolt.com/assets/67f7c34bca13dce96e7ac15c,,ropi-perec-sos-kekszek-116
Spar,67fd7a3b99831b8a4d0c6514,Wasa Sandwich ropogós rozskenyér sajtos ízű töltelékkel 2 szelet 30 g,,True,,7300400127417,599.0,g,30.0,False,,,,,https://imageproxy.wolt.com/assets/67f7c34bca13dce96e7ac15d,,ropi-perec-sos-kekszek-116
Spar,688bdc88f6c7a553faf61d39,Detki Gourmet by Vital Fitt teljes kiőrlésű kréker hagymás fűszerkeverékkel 100 g,,True,,5997380352872,499.0,g,100.0,False,,,,,https://imageproxy.wolt.com/assets/66de9f847f86562387b7b276;https://imageproxy.wolt.com/assets/66de9f857f86562387b7b278,,ropi-perec-sos-kekszek-116
Spar,688bdc88f6c7a553faf61d1a,Detki Gourmet by Vital Fitt teljes kiőrlésű kréker curry fűszerkeverékkel 100 g,,True,,5997380352889,499.0,g,100.0,False,,,,,https://imageproxy.wolt.com/assets/66de9f657f86562387b7b265;https://imageproxy.wolt.com/assets/66de9f677f86562387b7b26a,,ropi-perec-sos-kekszek-116
Spar,688bdc88f6c7a553faf61d28,Wasa Sandwich ropogós rozskenyér sajtos-metélőhagymás ízű töltelékkel 2 szelet 37 g,,True,,7300400122689,599.0,g,37.0,False,,,,,https://imageproxy.wolt.com/assets/67b6ff9c18c92130be72caec,,ropi-perec-sos-kekszek-116
Spar,688bdc88f6c7a553faf61d29,Wasa Sandwich ropogós búzakenyér sajtos-paradicsomos-bazsalikomos ízű töltelékkel 2 szelet 40 g,,True,,7300400127363,599.0,g,40.0,False,,,,,https://imageproxy.wolt.com/assets/67b6ffa018c92130be72caf4,,ropi-perec-sos-kekszek-116